{
  "input_shape": [
    25,
    16,
    1
  ],
  "num_classes": 5,
  "class_names": [
    "hu",
    "hg",
    "hs",
    "hm",
    "hi"
  ],
  "optimal_thresholds": {
    "hu": 0.07929292929292929,
    "hg": 0.16838383838383839,
    "hs": 0.10898989898989898,
    "hm": 0.1386868686868687,
    "hi": 0.7326262626262626
  },
  "final_f1_scores": {
    "hu": 0.11214953271028037,
    "hg": 0.04195804195804196,
    "hs": 0.06557377049180328,
    "hm": 0.0,
    "hi": 0.41420118343195267
  },
  "avg_f1_score": 0.12677650571841564,
  "training_history": {
    "best_val_f1": 0.08258064091205597,
    "final_epoch": 27
  }
}