{
  "best_params": {
    "conv1_filters": 96,
    "conv2_filters": 128,
    "conv3_filters": 256,
    "num_features": 8,
    "dropout_rate": 0.3120129882804651,
    "use_batch_norm": true,
    "feature_units": 32,
    "classifier_units1": 24,
    "classifier_units2": 24,
    "learning_rate": 0.004349181186510085,
    "optimizer": "adam",
    "class_weight_1": 2.8314358253111602,
    "early_stopping_patience": 8,
    "reduce_lr_patience": 3,
    "batch_size": 16
  },
  "best_value": 0.9789976719154063,
  "best_trial_number": 23,
  "test_metrics": {
    "loss": 0.3071304261684418,
    "accuracy": 0.8970588445663452,
    "precision": 0.8,
    "recall": 0.8148148148148148,
    "f1_macro": 0.868552667914455,
    "f1_binary": 0.8073394495412844,
    "roc_auc": 0.9516460905349794
  }
}