{
  "best_params": {
    "conv1_filters": 112,
    "conv2_filters": 192,
    "conv3_filters": 128,
    "num_features": 6,
    "dropout_rate": 0.2973535624653026,
    "use_batch_norm": true,
    "feature_units": 112,
    "classifier_units1": 24,
    "classifier_units2": 16,
    "learning_rate": 0.0001564742531698954,
    "optimizer": "adam",
    "class_weight_1": 4.1459875691658175,
    "early_stopping_patience": 8,
    "reduce_lr_patience": 4,
    "batch_size": 16
  },
  "best_value": 0.9568630105546113,
  "best_trial_number": 21,
  "test_metrics": {
    "loss": 0.2587831914424896,
    "accuracy": 0.8970588445663452,
    "precision": 0.7586206896551724,
    "recall": 0.8627450980392157,
    "f1_macro": 0.868552667914455,
    "f1_binary": 0.8073394495412844,
    "roc_auc": 0.9581784783630227
  }
}